Humberto Luiz Rovina / 2018-12-13 / humberto@gmail.com / Montreal / Toronto st.
Juscleide Lima / 2018-12-13 / Juscleide@gmail.com / Montreal / Toronto st.
John Smith / 2018-12-12 / john@gmail.com / CN Tower / Toronto st.
Jack Clawn / 2018-12-12 / jack@gmail.com / CN Tower / Toronto st.
Maria Almeida / 2018-12-22 / maria@gmail.com / Vancouver / Toronto st.
Steve J./ 2018-12-22 / steve@gmail.com / Wonderland / Toronto st.
Igor R. / 2018-12-22 / igor@gmail.com / Wonderland / Toronto st.
Jason R. / 2018-12-22 / Jason@gmail.com / Wonderland / Toronto st.
Felipe J. / 2018-12-22 / felipe@gmail.com / Wonderland / Toronto st.
Thais C. / 2018-12-22 / thais@gmail.com / Wonderland / Toronto st.